gas_flow,valve_state
0.8598281963179318,0
0.5939618432168821,0
0.9234319119794668,0
0.6333048734077467,0
0.16119081836834104,0
0.09071523129197268,1
0.4144808052949842,1
10.823663095810616,1
10.186063615428004,1
10.999136582127381,1
10.909763430037213,1
10.701058221325052,1
10.594970119716494,1
10.14359793900358,1
0.2,0
